{"stats":{"minecraft:crafted":{"minecraft:cooked_beef":3,"minecraft:oak_planks":16,"minecraft:crafting_table":2,"minecraft:iron_helmet":1,"minecraft:furnace":2,"minecraft:bucket":1,"minecraft:bone_meal":6,"minecraft:stone_axe":1,"minecraft:cooked_mutton":1,"minecraft:air":0,"minecraft:iron_boots":1,"minecraft:iron_chestplate":1,"minecraft:diamond_pickaxe":1,"minecraft:stick":24,"minecraft:iron_ingot":42,"minecraft:iron_pickaxe":1,"minecraft:stone_pickaxe":3,"minecraft:stone_sword":1,"minecraft:iron_leggings":1,"minecraft:gold_ingot":18,"minecraft:torch":12,"minecraft:shears":1},"minecraft:mined":{"minecraft:diamond_ore":3,"minecraft:crying_obsidian":1,"minecraft:white_bed":1,"minecraft:obsidian":2,"minecraft:carved_pumpkin":1,"minecraft:crafting_table":3,"minecraft:torch":4,"minecraft:granite":4,"minecraft:grass_block":2,"minecraft:tall_grass":2,"minecraft:cobblestone":69,"minecraft:polished_blackstone_brick_slab":1,"minecraft:sugar_cane":1,"minecraft:diorite":9,"minecraft:wall_torch":5,"minecraft:redstone_ore":2,"minecraft:magma_block":2,"minecraft:furnace":4,"minecraft:iron_ore":55,"minecraft:andesite":22,"minecraft:pumpkin":1,"minecraft:peony":1,"minecraft:gold_block":3,"minecraft:grass":15,"minecraft:coal_ore":52,"minecraft:oak_log":4,"minecraft:dirt":25,"minecraft:stone":345,"minecraft:netherrack":28,"minecraft:gold_ore":10,"minecraft:oak_leaves":1},"minecraft:picked_up":{"minecraft:iron_chestplate":2,"minecraft:crafting_table":3,"minecraft:magma_block":2,"minecraft:feather":4,"minecraft:cooked_beef":23,"minecraft:chicken":2,"minecraft:andesite":25,"minecraft:wooden_pickaxe":2,"minecraft:gold_block":3,"minecraft:oak_log":4,"minecraft:shield":5,"minecraft:string":2,"minecraft:dirt":45,"minecraft:iron_axe":2,"minecraft:wooden_sword":3,"minecraft:iron_leggings":2,"minecraft:cooked_mutton":3,"minecraft:bone":7,"minecraft:wheat_seeds":4,"minecraft:iron_ingot":27,"minecraft:stone_pickaxe":2,"minecraft:iron_ore":66,"minecraft:iron_pickaxe":2,"minecraft:light_gray_wool":1,"minecraft:iron_sword":1,"minecraft:oak_planks":108,"minecraft:iron_boots":2,"minecraft:furnace":2,"minecraft:egg":2,"minecraft:polished_blackstone_brick_slab":1,"minecraft:stick":8,"minecraft:pumpkin":3,"minecraft:torch":18,"minecraft:gravel":2,"minecraft:lava_bucket":2,"minecraft:porkchop":7,"minecraft:white_bed":2,"minecraft:diorite":12,"minecraft:gold_ore":10,"minecraft:redstone":13,"minecraft:crying_obsidian":1,"minecraft:stone_sword":2,"minecraft:pumpkin_seeds":4,"minecraft:arrow":6,"minecraft:weeping_vines":1,"minecraft:rotten_flesh":15,"minecraft:diamond":7,"minecraft:stone_axe":2,"minecraft:peony":2,"minecraft:iron_helmet":2,"minecraft:granite":20,"minecraft:carved_pumpkin":1,"minecraft:netherrack":27,"minecraft:obsidian":2,"minecraft:mutton":5,"minecraft:coal":132,"minecraft:white_wool":2,"minecraft:cobblestone":751},"minecraft:killed_by":{"minecraft:player":1,"minecraft:zombie":1},"minecraft:dropped":{"minecraft:iron_ingot":8,"minecraft:stone_axe":1,"minecraft:porkchop":7,"minecraft:stone_sword":1,"minecraft:diamond":1,"minecraft:weeping_vines":1,"minecraft:light_gray_wool":1,"minecraft:lava_bucket":1,"minecraft:dirt":1,"minecraft:diorite":1,"minecraft:mutton":5,"minecraft:wooden_sword":1,"minecraft:stone_pickaxe":1,"minecraft:white_wool":2,"minecraft:redstone":4},"minecraft:killed":{"minecraft:pig":3,"minecraft:spider":2,"minecraft:sheep":3,"minecraft:skeleton":1,"minecraft:zombie":4,"minecraft:chicken":2,"minecraft:enderman":1},"minecraft:broken":{"minecraft:stone_pickaxe":2,"minecraft:iron_pickaxe":1,"minecraft:wooden_pickaxe":1},"minecraft:used":{"minecraft:cooked_mutton":3,"minecraft:diorite":3,"minecraft:stone_sword":18,"minecraft:flint_and_steel":1,"minecraft:stone_pickaxe":294,"minecraft:wooden_pickaxe":51,"minecraft:shield":2,"minecraft:iron_sword":1,"minecraft:rotten_flesh":4,"minecraft:torch":15,"minecraft:dirt":7,"minecraft:crafting_table":4,"minecraft:white_bed":1,"minecraft:granite":2,"minecraft:obsidian":3,"minecraft:diamond_pickaxe":7,"minecraft:lava_bucket":3,"minecraft:crying_obsidian":1,"minecraft:chicken":2,"minecraft:iron_pickaxe":287,"minecraft:stone_axe":5,"minecraft:wooden_sword":35,"minecraft:cobblestone":82,"minecraft:furnace":4,"minecraft:andesite":1,"minecraft:bucket":4,"minecraft:gold_block":1,"minecraft:cooked_beef":5,"minecraft:pumpkin":1},"minecraft:custom":{"minecraft:interact_with_furnace":37,"minecraft:mob_kills":16,"minecraft:interact_with_crafting_table":16,"minecraft:play_one_minute":77546,"minecraft:leave_game":3,"minecraft:time_since_death":4958,"minecraft:time_since_rest":5475,"minecraft:sprint_one_cm":79441,"minecraft:damage_taken":1770,"minecraft:walk_one_cm":95017,"minecraft:damage_blocked_by_shield":460,"minecraft:drop":15,"minecraft:damage_dealt":1840,"minecraft:fly_one_cm":75679,"minecraft:open_chest":2,"minecraft:crouch_one_cm":16197,"minecraft:deaths":4,"minecraft:sneak_time":7407,"minecraft:walk_under_water_one_cm":103,"minecraft:jump":618,"minecraft:walk_on_water_one_cm":1911,"minecraft:fall_one_cm":11385}},"DataVersion":2586}