{"stats":{"minecraft:used":{"minecraft:iron_shovel":178,"minecraft:flint_and_steel":2,"minecraft:poppy":1,"minecraft:chest":2,"minecraft:shield":22,"minecraft:iron_sword":32,"minecraft:torch":28,"minecraft:dirt":45,"minecraft:mutton":4,"minecraft:beef":3,"minecraft:furnace":5,"minecraft:potato":1,"minecraft:orange_terracotta":1,"minecraft:golden_axe":4,"minecraft:wheat_seeds":1,"minecraft:cooked_mutton":10,"minecraft:birch_planks":4,"minecraft:stone_pickaxe":207,"minecraft:wooden_pickaxe":28,"minecraft:sandstone":7,"minecraft:composter":1,"minecraft:white_wool":1,"minecraft:crafting_table":5,"minecraft:white_bed":2,"minecraft:chicken":2,"minecraft:bread":11,"minecraft:iron_pickaxe":795,"minecraft:stone_axe":88,"minecraft:cobblestone":61,"minecraft:andesite":3,"minecraft:oak_boat":1},"minecraft:custom":{"minecraft:mob_kills":36,"minecraft:interact_with_crafting_table":35,"minecraft:leave_game":11,"minecraft:time_since_death":100920,"minecraft:sprint_one_cm":210852,"minecraft:walk_one_cm":283625,"minecraft:damage_blocked_by_shield":695,"minecraft:drop":8,"minecraft:talked_to_villager":11,"minecraft:deaths":4,"minecraft:sneak_time":4861,"minecraft:walk_under_water_one_cm":31634,"minecraft:boat_one_cm":269563,"minecraft:jump":1340,"minecraft:walk_on_water_one_cm":34517,"minecraft:interact_with_furnace":31,"minecraft:traded_with_villager":36,"minecraft:play_one_minute":134688,"minecraft:interact_with_stonecutter":1,"minecraft:sleep_in_bed":3,"minecraft:time_since_rest":45556,"minecraft:damage_taken":1916,"minecraft:damage_dealt":4972,"minecraft:swim_one_cm":94680,"minecraft:fly_one_cm":218530,"minecraft:open_chest":48,"minecraft:crouch_one_cm":11432,"minecraft:fall_one_cm":34960,"minecraft:horse_one_cm":129383},"minecraft:picked_up":{"minecraft:iron_chestplate":1,"minecraft:crafting_table":3,"minecraft:wheat":4,"minecraft:ladder":3,"minecraft:chicken":2,"minecraft:wooden_pickaxe":1,"minecraft:shield":2,"minecraft:string":2,"minecraft:iron_leggings":1,"minecraft:iron_shovel":2,"minecraft:gold_nugget":10,"minecraft:smooth_stone":7,"minecraft:spruce_planks":1,"minecraft:beef":14,"minecraft:poppy":1,"minecraft:iron_pickaxe":2,"minecraft:lectern":1,"minecraft:chest":1,"minecraft:egg":2,"minecraft:iron_boots":1,"minecraft:furnace":4,"minecraft:stick":2,"minecraft:sandstone":7,"minecraft:stone":6,"minecraft:composter":1,"minecraft:torch":23,"minecraft:spruce_stairs":2,"minecraft:golden_axe":1,"minecraft:arrow":5,"minecraft:rotten_flesh":3,"minecraft:hay_block":39,"minecraft:mutton":19,"minecraft:cobblestone":940,"minecraft:white_wool":12,"minecraft:birch_log":7,"minecraft:feather":3,"minecraft:andesite":7,"minecraft:brown_wool":1,"minecraft:leather":9,"minecraft:filled_map":1,"minecraft:potato":1,"minecraft:birch_planks":33,"minecraft:oak_log":15,"minecraft:dirt":383,"minecraft:orange_terracotta":1,"minecraft:bone":8,"minecraft:stonecutter":1,"minecraft:bow":1,"minecraft:wheat_seeds":2,"minecraft:grindstone":2,"minecraft:iron_ingot":29,"minecraft:iron_ore":33,"minecraft:oak_planks":8,"minecraft:iron_sword":1,"minecraft:book":27,"minecraft:blast_furnace":2,"minecraft:white_bed":1,"minecraft:leather_helmet":1,"minecraft:stone_axe":1,"minecraft:golden_apple":1,"minecraft:gray_wool":1,"minecraft:bread":48,"minecraft:coal":53},"minecraft:broken":{"minecraft:iron_shovel":1,"minecraft:stone_axe":1,"minecraft:iron_pickaxe":3},"minecraft:killed":{"minecraft:spider":1,"minecraft:skeleton":6,"minecraft:chicken":2,"minecraft:sheep":12,"minecraft:zombie":9,"minecraft:cow":6},"minecraft:dropped":{"minecraft:wheat_seeds":1,"minecraft:stick":2,"minecraft:paper":12,"minecraft:string":2,"minecraft:rotten_flesh":1,"minecraft:bow":1,"minecraft:wooden_pickaxe":1},"minecraft:crafted":{"minecraft:oak_planks":56,"minecraft:furnace":3,"minecraft:cooked_mutton":10,"minecraft:iron_boots":1,"minecraft:ladder":3,"minecraft:stone_pickaxe":2,"minecraft:chest":2,"minecraft:wheat":351,"minecraft:emerald":18,"minecraft:crafting_table":3,"minecraft:wooden_pickaxe":2,"minecraft:iron_helmet":1,"minecraft:birch_planks":28,"minecraft:stone_axe":2,"minecraft:bread":36,"minecraft:air":0,"minecraft:oak_boat":1,"minecraft:iron_chestplate":1,"minecraft:shield":2,"minecraft:stick":40,"minecraft:iron_ingot":33,"minecraft:iron_pickaxe":4,"minecraft:iron_leggings":1,"minecraft:white_bed":1,"minecraft:pumpkin_pie":48,"minecraft:torch":56},"minecraft:mined":{"minecraft:dark_oak_planks":1,"minecraft:stone_pressure_plate":1,"minecraft:spruce_planks":2,"minecraft:white_bed":1,"minecraft:grass_block":77,"minecraft:composter":1,"minecraft:sandstone":7,"minecraft:hay_block":41,"minecraft:smooth_stone":7,"minecraft:tall_seagrass":4,"minecraft:furnace":4,"minecraft:iron_ore":33,"minecraft:andesite":5,"minecraft:bookshelf":9,"minecraft:stone":889,"minecraft:kelp_plant":5,"minecraft:orange_terracotta":1,"minecraft:crafting_table":3,"minecraft:torch":1,"minecraft:blast_furnace":2,"minecraft:chest":1,"minecraft:lectern":1,"minecraft:tall_grass":2,"minecraft:grindstone":2,"minecraft:spruce_stairs":3,"minecraft:seagrass":6,"minecraft:birch_log":7,"minecraft:wheat":1,"minecraft:birch_leaves":3,"minecraft:grass":3,"minecraft:oak_log":14,"minecraft:coal_ore":34,"minecraft:dirt":122,"minecraft:stonecutter":1,"minecraft:oak_leaves":14},"minecraft:killed_by":{"minecraft:player":1,"minecraft:drowned":1}},"DataVersion":2586}