{"stats":{"minecraft:used":{"minecraft:cooked_mutton":3,"minecraft:water_bucket":6,"minecraft:diorite":39,"minecraft:stone_sword":22,"minecraft:stone_pickaxe":557,"minecraft:wooden_pickaxe":7,"minecraft:shield":3,"minecraft:iron_sword":4,"minecraft:rotten_flesh":1,"minecraft:torch":20,"minecraft:crafting_table":8,"minecraft:white_bed":1,"minecraft:iron_pickaxe":221,"minecraft:stone_axe":30,"minecraft:cobblestone":141,"minecraft:furnace":4,"minecraft:bucket":5,"minecraft:andesite":68,"minecraft:cooked_beef":4},"minecraft:picked_up":{"minecraft:crafting_table":9,"minecraft:cooked_beef":3,"minecraft:chicken":4,"minecraft:andesite":90,"minecraft:leather":2,"minecraft:gold_block":1,"minecraft:oak_log":17,"minecraft:shield":1,"minecraft:dirt":18,"minecraft:cooked_mutton":3,"minecraft:bone":4,"minecraft:iron_ingot":8,"minecraft:beef":14,"minecraft:stone_pickaxe":2,"minecraft:iron_ore":45,"minecraft:light_gray_wool":1,"minecraft:oak_planks":36,"minecraft:furnace":5,"minecraft:torch":26,"minecraft:gravel":2,"minecraft:lava_bucket":1,"minecraft:porkchop":7,"minecraft:diorite":40,"minecraft:white_bed":2,"minecraft:grass_block":1,"minecraft:redstone":99,"minecraft:gold_ore":4,"minecraft:stone_sword":3,"minecraft:arrow":2,"minecraft:weeping_vines":1,"minecraft:rotten_flesh":1,"minecraft:diamond":6,"minecraft:stone_axe":1,"minecraft:granite":1,"minecraft:mutton":7,"minecraft:coal":230,"minecraft:white_wool":5,"minecraft:cobblestone":583},"minecraft:killed":{"minecraft:sheep":3,"minecraft:skeleton":1,"minecraft:zombie":3,"minecraft:chicken":2,"minecraft:cow":4},"minecraft:mined":{"minecraft:nether_gold_ore":5,"minecraft:diamond_ore":5,"minecraft:white_bed":1,"minecraft:crafting_table":8,"minecraft:torch":1,"minecraft:granite":5,"minecraft:grass_block":3,"minecraft:tall_grass":2,"minecraft:cobblestone":11,"minecraft:diorite":30,"minecraft:wall_torch":10,"minecraft:weeping_vines_plant":1,"minecraft:redstone_ore":28,"minecraft:furnace":3,"minecraft:iron_ore":34,"minecraft:andesite":54,"minecraft:gold_block":1,"minecraft:grass":1,"minecraft:oak_log":17,"minecraft:coal_ore":77,"minecraft:gravel":2,"minecraft:dirt":6,"minecraft:stone":513,"minecraft:gold_ore":4,"minecraft:oak_leaves":2},"minecraft:dropped":{"minecraft:gravel":2,"minecraft:iron_ingot":20,"minecraft:iron_sword":1,"minecraft:cooked_beef":23,"minecraft:stone_sword":3,"minecraft:diamond":4,"minecraft:weeping_vines":1,"minecraft:iron_helmet":1,"minecraft:cobblestone":192,"minecraft:light_gray_wool":1,"minecraft:oak_planks":80,"minecraft:iron_boots":2,"minecraft:granite":1,"minecraft:white_bed":1,"minecraft:grass_block":1,"minecraft:coal":14,"minecraft:stick":7,"minecraft:lava_bucket":2,"minecraft:shield":3,"minecraft:iron_chestplate":2,"minecraft:iron_leggings":2,"minecraft:wooden_sword":1,"minecraft:iron_axe":2,"minecraft:wooden_pickaxe":1,"minecraft:iron_pickaxe":2},"minecraft:custom":{"minecraft:interact_with_furnace":27,"minecraft:mob_kills":13,"minecraft:interact_with_crafting_table":18,"minecraft:play_one_minute":128207,"minecraft:leave_game":3,"minecraft:time_since_death":128207,"minecraft:time_since_rest":128207,"minecraft:sprint_one_cm":49992,"minecraft:damage_taken":507,"minecraft:walk_one_cm":99953,"minecraft:damage_blocked_by_shield":120,"minecraft:drop":43,"minecraft:damage_dealt":1739,"minecraft:fly_one_cm":72595,"minecraft:player_kills":1,"minecraft:crouch_one_cm":26579,"minecraft:sneak_time":8356,"minecraft:walk_under_water_one_cm":1364,"minecraft:jump":617,"minecraft:walk_on_water_one_cm":1361,"minecraft:fall_one_cm":14653},"minecraft:crafted":{"minecraft:cooked_beef":4,"minecraft:wooden_sword":1,"minecraft:oak_planks":24,"minecraft:cooked_porkchop":7,"minecraft:crafting_table":1,"minecraft:wooden_pickaxe":1,"minecraft:iron_helmet":1,"minecraft:iron_sword":1,"minecraft:furnace":1,"minecraft:stone_axe":1,"minecraft:air":0,"minecraft:iron_chestplate":1,"minecraft:iron_boots":1,"minecraft:stick":24,"minecraft:iron_ingot":22,"minecraft:iron_pickaxe":1,"minecraft:stone_pickaxe":4,"minecraft:stone_sword":1,"minecraft:iron_leggings":1,"minecraft:torch":16},"minecraft:broken":{"minecraft:stone_pickaxe":4}},"DataVersion":2586}