{"stats":{"minecraft:custom":{"minecraft:mob_kills":71,"minecraft:interact_with_anvil":1,"minecraft:interact_with_crafting_table":42,"minecraft:leave_game":4,"minecraft:time_since_death":219286,"minecraft:climb_one_cm":5011,"minecraft:sprint_one_cm":307807,"minecraft:walk_one_cm":371200,"minecraft:damage_blocked_by_shield":575,"minecraft:drop":30,"minecraft:sneak_time":7766,"minecraft:walk_under_water_one_cm":17912,"minecraft:boat_one_cm":317765,"minecraft:jump":2965,"minecraft:walk_on_water_one_cm":43211,"minecraft:enchant_item":5,"minecraft:interact_with_furnace":75,"minecraft:play_one_minute":219286,"minecraft:interact_with_loom":2,"minecraft:sleep_in_bed":8,"minecraft:time_since_rest":74984,"minecraft:damage_taken":1478,"minecraft:damage_dealt":10702,"minecraft:swim_one_cm":19232,"minecraft:fly_one_cm":765857,"minecraft:player_kills":2,"minecraft:open_chest":54,"minecraft:crouch_one_cm":18674,"minecraft:fall_one_cm":76805},"minecraft:used":{"minecraft:stone_sword":28,"minecraft:enchanting_table":1,"minecraft:flint_and_steel":4,"minecraft:armor_stand":8,"minecraft:spruce_slab":98,"minecraft:ladder":31,"minecraft:chest":45,"minecraft:spruce_planks":478,"minecraft:shield":21,"minecraft:iron_sword":120,"minecraft:stone":76,"minecraft:grass":1,"minecraft:torch":49,"minecraft:dirt":26,"minecraft:anvil":2,"minecraft:spruce_fence":18,"minecraft:obsidian":54,"minecraft:spruce_boat":2,"minecraft:glass":49,"minecraft:lava_bucket":1,"minecraft:bookshelf":29,"minecraft:grass_block":369,"minecraft:iron_axe":238,"minecraft:oak_stairs":187,"minecraft:bow":1,"minecraft:furnace":18,"minecraft:oak_sapling":7,"minecraft:cooked_cod":1,"minecraft:cooked_beef":19,"minecraft:cooked_mutton":2,"minecraft:water_bucket":92,"minecraft:diorite":1,"minecraft:cobblestone_stairs":10,"minecraft:spruce_door":4,"minecraft:birch_planks":141,"minecraft:stone_pickaxe":146,"minecraft:polished_andesite":9,"minecraft:oak_planks":1,"minecraft:wooden_pickaxe":12,"minecraft:cobblestone_slab":7,"minecraft:oak_leaves":44,"minecraft:tnt":3,"minecraft:crafting_table":16,"minecraft:loom":2,"minecraft:white_bed":9,"minecraft:spruce_log":17,"minecraft:command_block":2,"minecraft:iron_pickaxe":250,"minecraft:suspicious_stew":1,"minecraft:spruce_sapling":28,"minecraft:stone_axe":32,"minecraft:diamond_sword":8,"minecraft:wooden_sword":12,"minecraft:cobblestone":62,"minecraft:cooked_porkchop":3,"minecraft:andesite":6,"minecraft:bucket":95,"minecraft:bone_meal":40},"minecraft:picked_up":{"minecraft:crafting_table":11,"minecraft:ladder":4,"minecraft:lead":18,"minecraft:oak_stairs":11,"minecraft:golden_sword":1,"minecraft:iron_axe":1,"minecraft:gold_nugget":52,"minecraft:spruce_planks":12,"minecraft:beef":53,"minecraft:poppy":1,"minecraft:sugar_cane":11,"minecraft:chest":1,"minecraft:furnace":10,"minecraft:stick":22,"minecraft:torch":3,"minecraft:spruce_fence":3,"minecraft:porkchop":27,"minecraft:diorite":1,"minecraft:golden_chestplate":1,"minecraft:arrow":14,"minecraft:rotten_flesh":16,"minecraft:glistering_melon_slice":4,"minecraft:mutton":10,"minecraft:white_wool":7,"minecraft:cobblestone":262,"minecraft:cooked_beef":7,"minecraft:leather":23,"minecraft:filled_map":2,"minecraft:oak_log":49,"minecraft:gunpowder":4,"minecraft:dirt":49,"minecraft:bone":16,"minecraft:bow":1,"minecraft:wheat_seeds":1,"minecraft:iron_ingot":7,"minecraft:iron_ore":93,"minecraft:pumpkin":1,"minecraft:sweet_berries":37,"minecraft:gravel":4,"minecraft:sand":10,"minecraft:spruce_sapling":28,"minecraft:grass_block":1,"minecraft:white_bed":6,"minecraft:spruce_log":96,"minecraft:spider_eye":1,"minecraft:spruce_boat":2,"minecraft:granite":4,"minecraft:emerald":1,"minecraft:oak_sapling":11,"minecraft:coal":206,"minecraft:ender_pearl":1},"minecraft:broken":{"minecraft:stone_pickaxe":1,"minecraft:iron_axe":1,"minecraft:iron_pickaxe":1},"minecraft:killed":{"minecraft:spider":3,"minecraft:skeleton":12,"minecraft:pig":12,"minecraft:creeper":3,"minecraft:sheep":7,"minecraft:zombie":12,"minecraft:enderman":2,"minecraft:cow":19},"minecraft:dropped":{"minecraft:wheat_seeds":1,"minecraft:cobblestone":4,"minecraft:granite":2,"minecraft:stick":5,"minecraft:cooked_cod":3,"minecraft:gold_nugget":78,"minecraft:sand":3,"minecraft:iron_axe":1,"minecraft:gravel":2,"minecraft:stone_axe":1,"minecraft:golden_chestplate":1,"minecraft:stone_sword":1,"minecraft:bowl":1,"minecraft:rotten_flesh":11,"minecraft:oak_planks":1,"minecraft:flint_and_steel":1,"minecraft:filled_map":2,"minecraft:gunpowder":1,"minecraft:golden_sword":1,"minecraft:spider_eye":1,"minecraft:spruce_log":13},"minecraft:mined":{"minecraft:spruce_planks":12,"minecraft:white_bed":6,"minecraft:grass_block":3,"minecraft:spruce_fence":3,"minecraft:spruce_leaves":38,"minecraft:large_fern":5,"minecraft:spruce_sapling":1,"minecraft:furnace":10,"minecraft:iron_ore":93,"minecraft:pumpkin":1,"minecraft:oak_stairs":11,"minecraft:stone":242,"minecraft:crafting_table":11,"minecraft:torch":3,"minecraft:poppy":1,"minecraft:chest":2,"minecraft:tall_grass":1,"minecraft:sugar_cane":8,"minecraft:diorite":2,"minecraft:sweet_berry_bush":16,"minecraft:spruce_log":84,"minecraft:grass":20,"minecraft:oak_log":49,"minecraft:coal_ore":46,"minecraft:gravel":2,"minecraft:sand":17,"minecraft:dirt":19,"minecraft:oak_leaves":20,"minecraft:fern":1},"minecraft:crafted":{"minecraft:wooden_sword":1,"minecraft:oak_planks":196,"minecraft:furnace":2,"minecraft:spruce_fence":6,"minecraft:cooked_mutton":2,"minecraft:glass":5,"minecraft:iron_boots":1,"minecraft:iron_axe":2,"minecraft:stone_pickaxe":3,"minecraft:chest":1,"minecraft:spruce_boat":1,"minecraft:cooked_beef":19,"minecraft:cooked_porkchop":3,"minecraft:crafting_table":1,"minecraft:spruce_planks":264,"minecraft:wooden_pickaxe":1,"minecraft:iron_helmet":1,"minecraft:iron_sword":1,"minecraft:spruce_door":3,"minecraft:bucket":2,"minecraft:stone_axe":1,"minecraft:air":0,"minecraft:iron_chestplate":1,"minecraft:shield":2,"minecraft:stick":32,"minecraft:iron_pickaxe":2,"minecraft:iron_ingot":86,"minecraft:oak_stairs":116,"minecraft:stone_sword":1,"minecraft:iron_leggings":1,"minecraft:white_bed":1,"minecraft:torch":36}},"DataVersion":2586}