{"stats":{"minecraft:custom":{"minecraft:interact_with_furnace":82,"minecraft:mob_kills":73,"minecraft:interact_with_crafting_table":22,"minecraft:play_one_minute":135875,"minecraft:leave_game":3,"minecraft:time_since_death":9530,"minecraft:sleep_in_bed":4,"minecraft:climb_one_cm":604,"minecraft:time_since_rest":6826,"minecraft:sprint_one_cm":361226,"minecraft:damage_taken":3551,"minecraft:damage_blocked_by_shield":340,"minecraft:walk_one_cm":312588,"minecraft:drop":5,"minecraft:damage_dealt":10500,"minecraft:swim_one_cm":14421,"minecraft:talked_to_villager":2,"minecraft:fly_one_cm":586137,"minecraft:open_chest":4,"minecraft:crouch_one_cm":17429,"minecraft:deaths":5,"minecraft:sneak_time":10221,"minecraft:walk_under_water_one_cm":10928,"minecraft:boat_one_cm":109851,"minecraft:jump":3519,"minecraft:walk_on_water_one_cm":47434,"minecraft:fall_one_cm":100791,"minecraft:horse_one_cm":3294},"minecraft:used":{"minecraft:cooked_mutton":12,"minecraft:water_bucket":2,"minecraft:stone_sword":55,"minecraft:stone_pickaxe":151,"minecraft:oak_planks":39,"minecraft:wooden_pickaxe":55,"minecraft:shield":6,"minecraft:iron_sword":52,"minecraft:cooked_chicken":4,"minecraft:torch":30,"minecraft:sand":1,"minecraft:dirt":6,"minecraft:mutton":7,"minecraft:crafting_table":12,"minecraft:white_bed":2,"minecraft:granite":1,"minecraft:wooden_axe":15,"minecraft:apple":4,"minecraft:iron_pickaxe":67,"minecraft:map":1,"minecraft:stone_axe":141,"minecraft:cobblestone":18,"minecraft:beef":9,"minecraft:furnace":21,"minecraft:cooked_porkchop":7,"minecraft:bucket":2,"minecraft:oak_boat":4,"minecraft:egg":2,"minecraft:cooked_beef":6},"minecraft:picked_up":{"minecraft:wooden_axe":1,"minecraft:crafting_table":14,"minecraft:feather":5,"minecraft:chicken":5,"minecraft:andesite":9,"minecraft:leather":34,"minecraft:wooden_pickaxe":2,"minecraft:potato":6,"minecraft:filled_map":1,"minecraft:oak_log":43,"minecraft:shield":1,"minecraft:lapis_lazuli":28,"minecraft:string":8,"minecraft:dirt":122,"minecraft:cooked_mutton":19,"minecraft:bone":19,"minecraft:apple":4,"minecraft:bow":3,"minecraft:wheat_seeds":10,"minecraft:oak_boat":5,"minecraft:iron_ingot":16,"minecraft:beef":51,"minecraft:stone_pickaxe":3,"minecraft:cooked_chicken":1,"minecraft:iron_ore":68,"minecraft:sugar_cane":159,"minecraft:iron_sword":1,"minecraft:oak_planks":85,"minecraft:furnace":30,"minecraft:egg":2,"minecraft:stick":6,"minecraft:cooked_porkchop":20,"minecraft:torch":9,"minecraft:dandelion":1,"minecraft:porkchop":41,"minecraft:sand":1,"minecraft:spruce_sapling":1,"minecraft:white_bed":3,"minecraft:redstone":18,"minecraft:gold_ore":7,"minecraft:spider_eye":3,"minecraft:stone_sword":3,"minecraft:arrow":7,"minecraft:rotten_flesh":16,"minecraft:diamond":8,"minecraft:stone_axe":3,"minecraft:hay_block":11,"minecraft:granite":1,"minecraft:gray_wool":4,"minecraft:bread":7,"minecraft:emerald":2,"minecraft:oak_sapling":10,"minecraft:mutton":43,"minecraft:coal":457,"minecraft:white_wool":27,"minecraft:cobblestone":100},"minecraft:broken":{"minecraft:stone_pickaxe":1,"minecraft:stone_axe":1},"minecraft:killed":{"minecraft:pig":9,"minecraft:zombie_villager":2,"minecraft:spider":4,"minecraft:iron_golem":1,"minecraft:sheep":18,"minecraft:skeleton":8,"minecraft:zombie":10,"minecraft:chicken":6,"minecraft:cow":15},"minecraft:dropped":{"minecraft:cooked_chicken":1,"minecraft:stone_sword":1,"minecraft:cooked_porkchop":2,"minecraft:rotten_flesh":1},"minecraft:mined":{"minecraft:diamond_ore":8,"minecraft:white_bed":2,"minecraft:dandelion":1,"minecraft:crafting_table":11,"minecraft:torch":4,"minecraft:grass_block":10,"minecraft:tall_grass":6,"minecraft:spruce_leaves":5,"minecraft:lapis_ore":5,"minecraft:oak_planks":20,"minecraft:sugar_cane":26,"minecraft:wall_torch":2,"minecraft:hay_block":11,"minecraft:tall_seagrass":1,"minecraft:redstone_ore":4,"minecraft:furnace":21,"minecraft:iron_ore":62,"minecraft:birch_leaves":1,"minecraft:andesite":3,"minecraft:grass":45,"minecraft:coal_ore":75,"minecraft:oak_log":31,"minecraft:sand":2,"minecraft:dirt":7,"minecraft:stone":82,"minecraft:gold_ore":7,"minecraft:oak_leaves":32},"minecraft:crafted":{"minecraft:cooked_beef":8,"minecraft:oak_planks":140,"minecraft:cooked_porkchop":21,"minecraft:crafting_table":3,"minecraft:cooked_chicken":4,"minecraft:iron_helmet":1,"minecraft:wooden_pickaxe":2,"minecraft:iron_sword":1,"minecraft:furnace":5,"minecraft:bucket":1,"minecraft:stone_axe":3,"minecraft:cooked_mutton":22,"minecraft:air":0,"minecraft:oak_boat":2,"minecraft:iron_boots":1,"minecraft:iron_chestplate":1,"minecraft:shield":1,"minecraft:stick":36,"minecraft:iron_ingot":27,"minecraft:iron_pickaxe":1,"minecraft:stone_pickaxe":2,"minecraft:wooden_axe":1,"minecraft:stone_sword":1,"minecraft:iron_leggings":1,"minecraft:white_bed":2,"minecraft:torch":44},"minecraft:killed_by":{"minecraft:spider":1,"minecraft:zombie":2}},"DataVersion":2586}