{"stats":{"minecraft:custom":{"minecraft:mob_kills":18,"minecraft:interact_with_crafting_table":13,"minecraft:play_one_minute":103554,"minecraft:leave_game":2,"minecraft:time_since_death":64206,"minecraft:sleep_in_bed":2,"minecraft:climb_one_cm":435,"minecraft:time_since_rest":10833,"minecraft:sprint_one_cm":235372,"minecraft:damage_taken":1345,"minecraft:walk_one_cm":270476,"minecraft:drop":3,"minecraft:damage_dealt":1836,"minecraft:swim_one_cm":4283,"minecraft:fly_one_cm":150781,"minecraft:crouch_one_cm":5511,"minecraft:deaths":3,"minecraft:sneak_time":1439,"minecraft:walk_under_water_one_cm":2342,"minecraft:jump":1773,"minecraft:walk_on_water_one_cm":29334,"minecraft:fall_one_cm":36262,"minecraft:horse_one_cm":4079},"minecraft:used":{"minecraft:diorite":12,"minecraft:stone_sword":14,"minecraft:stone_shovel":21,"minecraft:stone_pickaxe":217,"minecraft:oak_planks":45,"minecraft:spruce_planks":72,"minecraft:wooden_pickaxe":31,"minecraft:wooden_shovel":15,"minecraft:cooked_chicken":1,"minecraft:torch":9,"minecraft:dirt":11,"minecraft:mutton":11,"minecraft:lily_of_the_valley":1,"minecraft:crafting_table":7,"minecraft:white_bed":1,"minecraft:stripped_spruce_log":1,"minecraft:oak_log":7,"minecraft:wooden_axe":2,"minecraft:wooden_hoe":40,"minecraft:chicken":1,"minecraft:spruce_trapdoor":3,"minecraft:stone_axe":56,"minecraft:wooden_sword":19,"minecraft:cobblestone":147,"minecraft:beef":8,"minecraft:cooked_porkchop":2,"minecraft:porkchop":2,"minecraft:andesite":11,"minecraft:egg":1},"minecraft:picked_up":{"minecraft:crafting_table":7,"minecraft:feather":1,"minecraft:lilac":1,"minecraft:chicken":1,"minecraft:andesite":13,"minecraft:leather":2,"minecraft:oak_log":68,"minecraft:lily_pad":1,"minecraft:dirt":45,"minecraft:bone":2,"minecraft:wheat_seeds":2,"minecraft:spruce_planks":1,"minecraft:beef":8,"minecraft:cooked_chicken":1,"minecraft:iron_ore":7,"minecraft:oak_planks":1,"minecraft:egg":2,"minecraft:cooked_porkchop":2,"minecraft:torch":1,"minecraft:dandelion":1,"minecraft:porkchop":14,"minecraft:sand":12,"minecraft:stripped_spruce_log":1,"minecraft:spruce_sapling":1,"minecraft:diorite":13,"minecraft:spruce_log":38,"minecraft:lily_of_the_valley":1,"minecraft:black_wool":1,"minecraft:mutton":11,"minecraft:coal":12,"minecraft:white_wool":6,"minecraft:cobblestone":184},"minecraft:broken":{"minecraft:stone_pickaxe":1,"minecraft:wooden_hoe":1},"minecraft:killed":{"minecraft:pig":6,"minecraft:sheep":7,"minecraft:skeleton":1,"minecraft:cow":4},"minecraft:dropped":{"minecraft:wheat_seeds":1,"minecraft:oak_log":2},"minecraft:mined":{"minecraft:spruce_planks":1,"minecraft:lily_of_the_valley":1,"minecraft:crafting_table":7,"minecraft:grass_block":17,"minecraft:cobblestone":14,"minecraft:spruce_leaves":3,"minecraft:lily_pad":1,"minecraft:oak_planks":1,"minecraft:diorite":13,"minecraft:wall_torch":2,"minecraft:large_fern":3,"minecraft:seagrass":2,"minecraft:tall_seagrass":3,"minecraft:iron_ore":7,"minecraft:lilac":1,"minecraft:spruce_log":39,"minecraft:andesite":13,"minecraft:stripped_spruce_log":1,"minecraft:bee_nest":1,"minecraft:grass_path":1,"minecraft:grass":14,"minecraft:coal_ore":12,"minecraft:oak_log":69,"minecraft:sand":12,"minecraft:dirt":28,"minecraft:stone":168,"minecraft:oak_leaves":15,"minecraft:fern":1},"minecraft:crafted":{"minecraft:wooden_sword":2,"minecraft:oak_planks":144,"minecraft:wooden_shovel":1,"minecraft:stone_shovel":1,"minecraft:crafting_table":2,"minecraft:spruce_planks":124,"minecraft:wooden_pickaxe":2,"minecraft:oak_wood":36,"minecraft:stone_axe":1,"minecraft:spruce_trapdoor":6,"minecraft:wooden_hoe":2,"minecraft:spruce_wood":20,"minecraft:stick":48,"minecraft:stone_pickaxe":3,"minecraft:wooden_axe":3,"minecraft:stone_sword":1,"minecraft:white_bed":1,"minecraft:torch":48,"minecraft:stone_hoe":1},"minecraft:killed_by":{"minecraft:skeleton":1,"minecraft:creeper":1}},"DataVersion":2586}